<?xml version="1.0" encoding="UTF-8" standalone="yes"?>
<addon id="repository.vincentjenei" name="Vincent's Repo" version="1.0.1" provider-name="Vincent Jenei">
    <extension point="xbmc.addon.repository" name="Vincent's Repository">
        <dir>
            <info compressed="false">https://raw.githubusercontent.com/SuperBrainBro/repository/master/zips/addons.xml</info>
            <checksum>https://raw.githubusercontent.com/SuperBrainBro/repository/master/zips/addons.xml.md5</checksum>
            <datadir zip="true">https://raw.githubusercontent.com/SuperBrainBro/repository/master/zips/</datadir>
        </dir>
    </extension>
    <extension point="xbmc.addon.metadata">
        <summary>Vincent's Repository</summary>
        <description>I post my addons here.</description>
        <disclaimer></disclaimer>
        <platform>all</platform>
        <assets>
            <icon>icon.png</icon>
            <fanart>fanart.png</fanart>
        </assets>
    </extension>
</addon>